,city,temperature,cloudiness,country,date,humidity,longitude,latitude,temp_max,wind_speed
0,Luorong,60.82,38.0,CN,11/09/2019,67.0,109.6,24.41,60.82,3.96
1,Saint-Louis,73.4,49.0,SN,11/09/2019,73.0,-16.5,16.03,73.4,4.7
2,Luderitz,60.8,0.0,NA,11/09/2019,87.0,15.16,-26.65,60.8,6.93
3,Kapaa,80.04,1.0,US,11/09/2019,69.0,-159.32,22.08,80.6,8.05
4,Ancud,53.6,92.0,CL,11/09/2019,87.0,-73.83,-41.87,53.6,5.82
5,San Isidro,74.43,75.0,CR,11/09/2019,64.0,-84.06,10.02,77.0,12.75
6,Sobolevo,49.3,100.0,RU,11/09/2019,97.0,31.9,54.43,49.3,10.09
7,Khandyga,-20.51,7.0,RU,11/09/2019,95.0,135.58,62.65,-20.51,1.16
8,Sitka,73.99,0.0,US,11/09/2019,17.0,-99.65,37.17,73.99,3.0
9,Luan,32.52,17.0,CH,11/09/2019,80.0,6.98,46.36,39.0,2.24
10,Vardo,35.31,1.0,US,11/09/2019,51.0,-77.74,39.62,37.99,5.82
11,Paamiut,38.37,100.0,GL,11/09/2019,65.0,-49.67,61.99,38.37,20.51
12,Nigde,43.14,0.0,TR,11/09/2019,51.0,34.68,37.97,43.14,2.1
13,Atuona,80.31,1.0,PF,11/09/2019,74.0,-139.03,-9.8,80.31,11.5
14,Hua Hin,75.2,20.0,TH,11/09/2019,73.0,99.96,12.57,75.2,3.36
15,Isangel,82.4,40.0,VU,11/09/2019,61.0,169.27,-19.55,82.4,9.17
16,Rikitea,72.54,100.0,PF,11/09/2019,80.0,-134.97,-23.12,72.54,10.49
17,Saskylakh,0.43,100.0,RU,11/09/2019,97.0,114.09,71.97,0.43,5.48
18,Barrow,50.29,0.0,AR,11/09/2019,63.0,-60.23,-38.31,50.29,10.0
19,Gizo,64.53,0.0,IL,11/09/2019,72.0,34.94,31.8,69.01,3.36
20,Yellowknife,-2.21,75.0,CA,11/09/2019,64.0,-114.38,62.45,-2.21,5.82
21,Punta Arenas,46.17,0.0,CL,11/09/2019,52.0,-70.91,-53.16,46.4,8.05
22,Vilhena,77.0,20.0,BR,11/09/2019,83.0,-60.15,-12.74,77.0,5.82
23,Coquimbo,59.0,58.0,CL,11/09/2019,77.0,-71.34,-29.95,59.0,9.17
24,Rottingdean,43.25,75.0,GB,11/09/2019,93.0,-0.06,50.8,45.0,4.7
25,Port Alfred,64.99,99.0,ZA,11/09/2019,87.0,26.89,-33.59,64.99,7.0
26,Naze,77.14,100.0,NG,11/09/2019,91.0,7.07,5.43,77.14,2.95
27,Ushuaia,44.6,40.0,AR,11/09/2019,52.0,-68.31,-54.81,44.6,1.36
28,Chuy,64.44,100.0,UY,11/09/2019,84.0,-53.46,-33.69,64.44,11.3
29,Mataura,48.99,100.0,NZ,11/09/2019,91.0,168.86,-46.19,48.99,7.0
30,Mehamn,17.49,28.0,NO,11/09/2019,89.0,27.85,71.03,17.49,7.65
31,Parry Sound,33.46,100.0,CA,11/09/2019,81.0,-80.04,45.34,36.0,11.01
32,Nikolskoye,38.53,90.0,RU,11/09/2019,93.0,30.79,59.7,39.2,4.47
33,Dengzhou,57.67,14.0,CN,11/09/2019,64.0,112.08,32.69,57.67,8.12
34,New Norfolk,58.82,40.0,AU,11/09/2019,41.0,147.06,-42.78,61.0,19.46
35,Puerto Ayora,73.85,75.0,EC,11/09/2019,65.0,-90.35,-0.74,77.0,11.41
36,Kaeo,72.9,92.0,NZ,11/09/2019,100.0,173.78,-35.1,75.0,19.98
37,Sorland,32.77,11.0,NO,11/09/2019,63.0,12.69,67.67,32.77,15.95
38,Hithadhoo,80.96,57.0,MV,11/09/2019,78.0,73.08,-0.6,80.96,8.5
39,Vaini,64.54,0.0,IN,11/09/2019,85.0,74.49,15.34,64.54,2.8
40,Churapcha,-19.32,0.0,RU,11/09/2019,94.0,132.43,62.0,-19.32,4.76
41,Goderich,33.85,89.0,CA,11/09/2019,78.0,-81.71,43.74,37.99,11.99
42,Myslenice,44.87,75.0,PL,11/09/2019,93.0,19.94,49.83,46.99,2.24
43,Karratha,82.09,53.0,AU,11/09/2019,55.0,116.85,-20.74,82.09,8.52
44,Nongstoin,57.63,100.0,IN,11/09/2019,99.0,91.27,25.52,57.63,2.39
45,Makakilo City,83.03,1.0,US,11/09/2019,48.0,-158.09,21.35,86.0,5.82
46,Hilo,81.12,1.0,US,11/09/2019,55.0,-155.08,19.71,87.8,8.05
47,Alice Springs,69.8,0.0,AU,11/09/2019,15.0,133.88,-23.7,69.8,11.41
48,Aykhal,-9.41,90.0,RU,11/09/2019,83.0,111.51,65.95,-9.41,4.47
49,Bayshore Gardens,71.44,1.0,US,11/09/2019,60.0,-82.59,27.43,73.99,5.82
50,Ilulissat,35.6,100.0,GL,11/09/2019,31.0,-51.1,69.22,35.6,23.04
51,Tupik,11.08,100.0,RU,11/09/2019,95.0,119.94,54.43,11.08,3.53
52,Launceston,59.77,75.0,AU,11/09/2019,44.0,147.14,-41.43,62.01,17.22
53,Lasa,64.4,0.0,CY,11/09/2019,55.0,32.53,34.92,64.4,9.17
54,Thompson,1.4,40.0,CA,11/09/2019,77.0,-97.86,55.74,1.4,4.7
55,Faanui,80.6,86.0,PF,11/09/2019,81.0,-151.75,-16.48,80.6,17.98
56,Tromso,0.75,75.0,NO,11/09/2019,92.0,18.96,69.65,12.2,6.93
57,Mapiripan,75.52,50.0,CO,11/09/2019,90.0,-72.13,2.89,75.52,2.8
58,Klaksvik,35.6,100.0,FO,11/09/2019,61.0,-6.59,62.23,35.6,2.24
59,Airai,81.25,36.0,TL,11/09/2019,31.0,125.41,-8.93,81.25,7.52
60,Hermanus,64.0,82.0,ZA,11/09/2019,85.0,19.24,-34.42,64.0,11.99
61,Saint-Philippe,34.59,90.0,CA,11/09/2019,64.0,-73.48,45.36,37.0,11.41
62,Morris,31.96,40.0,US,11/09/2019,92.0,-95.91,45.59,35.6,4.7
63,Conde,79.23,100.0,BR,11/09/2019,80.0,-37.61,-11.81,79.23,16.78
64,Marzuq,63.81,0.0,YE,11/09/2019,61.0,46.47,14.4,63.81,2.75
65,Qaanaaq,-5.27,0.0,GL,11/09/2019,42.0,-69.36,77.48,-5.27,5.1
66,Arraial do Cabo,74.35,100.0,BR,11/09/2019,92.0,-42.02,-22.97,74.35,12.64
67,Providencia,62.33,40.0,CO,11/09/2019,76.0,-77.6,1.24,66.2,2.17
68,Bredasdorp,63.52,100.0,ZA,11/09/2019,87.0,20.04,-34.53,64.99,11.41
69,Darovskoy,26.17,100.0,RU,11/09/2019,63.0,47.96,58.77,26.17,6.96
70,Firozabad,68.52,0.0,IN,11/09/2019,41.0,78.4,27.15,68.52,6.53
71,Payson,59.4,1.0,US,11/09/2019,30.0,-111.73,40.04,62.6,3.36
72,Kodiak,61.77,1.0,US,11/09/2019,38.0,-94.76,39.95,64.99,6.93
73,Kurdzhinovo,47.26,0.0,RU,11/09/2019,33.0,40.96,43.99,47.26,5.21
74,Talaya,1.4,20.0,RU,11/09/2019,84.0,84.89,55.79,1.4,2.24
75,Albany,30.99,40.0,US,11/09/2019,34.0,-73.75,42.65,36.0,8.05
76,Kopashnovo,54.0,86.0,UA,11/09/2019,77.0,23.48,48.22,54.0,3.36
77,Laguna,89.6,75.0,BZ,11/09/2019,59.0,-88.94,16.17,89.6,6.93
78,Hasaki,50.85,20.0,JP,11/09/2019,76.0,140.83,35.73,51.8,8.05
79,Narrabri,68.76,0.0,AU,11/09/2019,30.0,149.78,-30.33,69.8,12.75
80,Eyl,78.91,0.0,SO,11/09/2019,77.0,49.82,7.98,78.91,17.94
81,Tual,82.62,100.0,ID,11/09/2019,73.0,132.75,-5.67,82.62,2.39
82,Castro,53.6,100.0,CL,11/09/2019,87.0,-73.76,-42.48,53.6,5.82
83,Avera,44.37,1.0,US,11/09/2019,65.0,-82.53,33.19,46.99,1.72
84,Busselton,67.95,51.0,AU,11/09/2019,60.0,115.35,-33.64,70.0,9.62
85,Strezhevoy,-0.41,100.0,RU,11/09/2019,84.0,77.6,60.73,-0.41,4.47
86,Nicoya,78.55,75.0,CR,11/09/2019,69.0,-85.45,10.15,82.4,17.22
87,Khatanga,-1.72,100.0,RU,11/09/2019,96.0,102.47,71.98,-1.72,15.9
88,Lorengau,82.29,100.0,PG,11/09/2019,80.0,147.27,-2.02,82.29,18.81
89,Jamestown,65.61,0.0,AU,11/09/2019,30.0,138.6,-33.21,65.61,4.09
90,Mahebourg,69.22,20.0,MU,11/09/2019,94.0,57.7,-20.41,70.0,5.82
91,Severo-Kurilsk,31.14,85.0,RU,11/09/2019,89.0,156.12,50.68,31.14,27.58
92,Dickinson,42.94,90.0,US,11/09/2019,70.0,-102.79,46.88,44.6,20.8
93,Cabedelo,77.0,20.0,BR,11/09/2019,83.0,-34.84,-6.97,77.0,8.05
94,La Ronge,12.2,75.0,CA,11/09/2019,56.0,-105.3,55.1,12.2,13.87
95,Antofagasta,60.8,90.0,CL,11/09/2019,77.0,-70.4,-23.65,60.8,13.87
96,Zhigansk,5.67,100.0,RU,11/09/2019,92.0,123.37,66.77,5.67,16.06
97,Bethel,27.46,90.0,US,11/09/2019,92.0,-161.76,60.79,30.2,12.75
98,Souillac,43.05,56.0,FR,11/09/2019,87.0,-0.6,45.6,44.6,6.93
99,Nanortalik,36.81,100.0,GL,11/09/2019,75.0,-45.24,60.14,36.81,51.65
100,East London,65.01,100.0,ZA,11/09/2019,83.0,27.91,-33.02,65.01,13.65
101,Casino,70.03,0.0,AU,11/09/2019,17.0,153.05,-28.86,71.6,8.05
102,Victoria,76.66,75.0,BN,11/09/2019,83.0,115.24,5.28,78.8,2.24
103,Riyadh,71.6,59.0,SA,11/09/2019,46.0,46.72,24.63,71.6,2.24
104,Jalu,73.44,76.0,LY,11/09/2019,25.0,21.55,29.03,73.44,10.71
105,Tortoli,53.96,40.0,IT,11/09/2019,76.0,9.66,39.93,55.4,5.82
106,Lipari,55.38,40.0,IT,11/09/2019,66.0,14.95,38.47,57.2,5.82
107,Chokurdakh,-4.46,100.0,RU,11/09/2019,96.0,147.9,70.62,-4.46,6.2
108,Kez,22.75,100.0,RU,11/09/2019,74.0,53.72,57.9,22.75,2.84
109,Hobart,58.51,40.0,AU,11/09/2019,41.0,147.33,-42.88,60.01,19.46
110,Mandal,27.81,82.0,MN,11/09/2019,81.0,106.5,48.82,27.81,0.89
111,Villa Carlos Paz,73.27,40.0,AR,11/09/2019,69.0,-64.5,-31.42,77.0,4.7
112,Norman Wells,3.2,20.0,CA,11/09/2019,84.0,-126.83,65.28,3.2,3.36
113,Georgetown,82.29,40.0,GY,11/09/2019,79.0,-58.16,6.8,84.2,6.93
114,Great Yarmouth,40.93,73.0,GB,11/09/2019,93.0,1.73,52.61,44.01,3.36
115,Alvorada,73.11,40.0,BR,11/09/2019,88.0,-51.08,-30.0,73.99,5.82
116,Banda Aceh,73.62,65.0,ID,11/09/2019,90.0,95.32,5.56,73.62,2.42
117,Eyrarbakki,41.0,75.0,IS,11/09/2019,97.0,-21.15,63.86,41.0,6.93
118,Ixtapa,86.0,40.0,MX,11/09/2019,84.0,-105.21,20.71,86.0,8.05
119,Komsomolskiy,-5.18,39.0,RU,11/09/2019,100.0,63.78,67.55,-5.18,2.93
120,Port Blair,81.32,80.0,IN,11/09/2019,75.0,92.75,11.67,81.32,1.14
121,Gamba,23.4,33.0,CN,11/09/2019,62.0,88.52,28.28,23.4,1.05
122,Krasnokholm,30.0,98.0,RU,11/09/2019,77.0,54.16,51.6,30.0,6.96
123,Vladicin Han,55.0,56.0,RS,11/09/2019,82.0,22.07,42.71,55.0,3.0
124,Deniliquin,61.0,2.0,AU,11/09/2019,58.0,144.96,-35.53,61.0,8.01
125,Lac du Bonnet,23.0,100.0,CA,11/09/2019,82.0,-96.06,50.25,23.0,10.0
126,Gimli,22.48,100.0,CA,11/09/2019,82.0,-96.99,50.63,23.0,10.0
127,Trincomalee,72.39,95.0,LK,11/09/2019,98.0,81.23,8.58,72.39,2.33
128,Huarmey,63.61,83.0,PE,11/09/2019,79.0,-78.15,-10.07,63.61,2.37
129,Mahibadhoo,82.22,61.0,MV,11/09/2019,75.0,72.97,3.78,82.22,8.5
130,The Valley,80.56,40.0,AI,11/09/2019,83.0,-63.06,18.22,82.4,6.93
131,Kruisfontein,60.71,94.0,ZA,11/09/2019,82.0,24.73,-34.0,60.71,13.35
132,Mangit,37.4,0.0,UZ,11/09/2019,74.0,70.96,40.6,37.4,6.93
133,Maraba,82.4,20.0,BR,11/09/2019,78.0,-49.1,-5.35,82.4,2.24
134,Bonfim,87.19,63.0,GY,11/09/2019,51.0,-59.84,3.36,87.19,7.25
135,Chapais,17.6,90.0,CA,11/09/2019,92.0,-74.86,49.78,17.6,6.93
136,Kimbe,73.96,100.0,PG,11/09/2019,97.0,150.15,-5.56,73.96,5.48
137,Pisco,67.78,26.0,PE,11/09/2019,30.0,-76.2,-13.71,71.6,16.11
138,Kaitangata,51.01,100.0,NZ,11/09/2019,92.0,169.85,-46.28,51.01,8.01
139,Shelburne,34.21,90.0,CA,11/09/2019,69.0,-80.2,44.08,37.4,11.41
140,Puerto Guzman,91.49,75.0,BO,11/09/2019,74.0,-67.54,-14.32,95.0,1.97
141,Avarua,78.8,36.0,CK,11/09/2019,74.0,-159.78,-21.21,78.8,11.41
142,Upernavik,13.1,33.0,GL,11/09/2019,76.0,-56.15,72.79,13.1,7.65
143,Comodoro Rivadavia,51.8,19.0,AR,11/09/2019,57.0,-67.48,-45.87,51.8,13.87
144,Dunedin,51.01,100.0,NZ,11/09/2019,96.0,170.5,-45.87,51.01,5.99
145,Harper,66.42,75.0,US,11/09/2019,52.0,-99.24,30.3,69.8,4.7
146,Tura,-10.43,100.0,RU,11/09/2019,98.0,100.22,64.27,-10.43,3.62
147,Nishihara,55.24,1.0,JP,11/09/2019,76.0,139.53,35.74,60.01,6.76
148,Provideniya,34.61,100.0,RU,11/09/2019,99.0,-173.23,64.42,34.61,2.44
149,Cape Town,65.44,0.0,ZA,11/09/2019,63.0,18.42,-33.93,66.2,5.82
150,Batagay-Alyta,-17.92,74.0,RU,11/09/2019,84.0,130.41,67.8,-17.92,4.12
151,Mizdah,53.06,0.0,LY,11/09/2019,83.0,12.98,31.45,53.06,2.68
152,Ribeira Grande,61.84,0.0,PT,11/09/2019,80.0,-28.7,38.52,61.84,7.58
153,Buchanan,78.8,75.0,LR,11/09/2019,94.0,-10.05,5.88,78.8,1.05
154,Cayenne,78.8,22.0,GF,11/09/2019,88.0,-52.33,4.94,78.8,3.36
155,Razole,71.08,0.0,IN,11/09/2019,82.0,81.84,16.48,71.08,2.59
156,New Plymouth,62.11,100.0,NZ,11/09/2019,95.0,174.08,-39.06,64.0,14.0
157,Staryy Nadym,-8.68,10.0,RU,11/09/2019,100.0,72.68,65.61,-8.68,5.08
158,Xichang,41.45,100.0,CN,11/09/2019,96.0,102.25,27.88,41.45,5.06
159,Mar del Plata,47.95,23.0,AR,11/09/2019,66.0,-67.52,-46.43,47.95,15.82
160,Port Lincoln,61.43,0.0,AU,11/09/2019,54.0,135.86,-34.72,61.43,6.42
161,Nacala,74.68,87.0,MZ,11/09/2019,91.0,40.69,-14.56,74.68,1.25
162,Neuquen,78.8,32.0,AR,11/09/2019,24.0,-68.06,-38.95,78.8,4.7
163,Vigrestad,32.49,40.0,NO,11/09/2019,80.0,5.7,58.57,35.01,2.24
164,Nome,61.05,1.0,US,11/09/2019,37.0,-94.42,30.04,66.2,4.7
165,Cabo San Lucas,84.65,75.0,MX,11/09/2019,51.0,-109.91,22.89,87.8,5.82
166,Ostrovnoy,17.02,97.0,RU,11/09/2019,94.0,39.51,68.05,17.02,3.31
167,Puerto Carreno,82.4,40.0,CO,11/09/2019,78.0,-67.49,6.19,82.4,6.93
168,Saint George,52.92,49.0,GR,11/09/2019,93.0,22.34,39.45,53.6,4.7
169,Butaritari,83.82,49.0,KI,11/09/2019,65.0,172.79,3.07,83.82,1.3
170,Hovd,21.47,2.0,NO,11/09/2019,85.0,10.7,63.83,25.0,6.93
171,Mercedes,73.0,13.0,UY,11/09/2019,72.0,-58.03,-33.25,73.0,10.0
172,La Libertad,64.4,18.0,PE,11/09/2019,34.0,-71.56,-16.38,64.4,4.7
173,Longyearbyen,26.6,75.0,NO,11/09/2019,73.0,15.63,78.22,26.6,16.11
174,Waipawa,63.0,52.0,NZ,11/09/2019,85.0,176.59,-39.94,63.0,5.99
175,Kargopol,32.58,100.0,RU,11/09/2019,96.0,38.95,61.51,32.58,9.24
176,Santa Cruz,72.66,100.0,BR,11/09/2019,78.0,-36.02,-6.22,72.66,8.21
177,Torbay,34.07,75.0,CA,11/09/2019,59.0,-52.73,47.66,36.0,27.51
178,Santa Fe,77.79,17.0,AR,11/09/2019,59.0,-60.7,-31.62,80.01,7.87
179,Champerico,77.0,40.0,MX,11/09/2019,73.0,-93.6,16.38,77.0,13.87
180,Soyo,79.11,67.0,AO,11/09/2019,89.0,12.37,-6.13,79.11,3.38
181,Waingapu,81.48,10.0,ID,11/09/2019,75.0,120.26,-9.65,81.48,4.5
182,Solnechnyy,15.89,0.0,RU,11/09/2019,59.0,136.64,50.72,15.89,2.51
183,Carnarvon,63.36,98.0,ZA,11/09/2019,35.0,22.13,-30.97,63.36,5.37
184,Bambous Virieux,69.19,20.0,MU,11/09/2019,94.0,57.76,-20.34,70.0,5.82
185,Xai-Xai,70.41,94.0,MZ,11/09/2019,81.0,33.64,-25.04,70.41,3.4
186,Salta,68.36,90.0,AR,11/09/2019,82.0,-65.41,-24.79,71.6,11.41
187,Tuktoyaktuk,5.0,20.0,CA,11/09/2019,71.0,-133.03,69.44,5.0,19.46
188,Morgan City,58.73,1.0,US,11/09/2019,38.0,-91.21,29.7,60.8,5.82
189,Teknaf,71.91,100.0,BD,11/09/2019,98.0,92.31,20.86,71.91,3.49
190,Katangli,22.91,0.0,RU,11/09/2019,68.0,143.23,51.71,22.91,9.19
191,Athabasca,9.77,99.0,CA,11/09/2019,93.0,-113.29,54.72,9.77,4.99
192,Sucua,68.0,75.0,EC,11/09/2019,100.0,-78.17,-2.46,68.0,8.05
193,Tilichiki,32.34,100.0,RU,11/09/2019,98.0,166.1,60.47,32.34,19.04
194,Maldonado,62.6,19.0,UY,11/09/2019,82.0,-54.96,-34.91,62.6,11.41
195,Omboue,75.58,100.0,GA,11/09/2019,96.0,9.26,-1.57,75.58,1.63
196,Tulsipur,69.13,4.0,IN,11/09/2019,73.0,82.41,27.53,69.13,1.9
197,Lata,23.34,0.0,IN,11/09/2019,21.0,78.62,30.78,23.34,3.22
198,Tiksi,-13.6,98.0,RU,11/09/2019,98.0,128.87,71.64,-13.6,5.03
199,Talnakh,-18.41,98.0,RU,11/09/2019,75.0,88.39,69.49,-18.41,8.95
200,Ambilobe,76.12,55.0,MG,11/09/2019,75.0,49.05,-13.19,76.12,8.97
201,Vanderhoof,16.34,100.0,CA,11/09/2019,85.0,-124.02,54.02,16.34,8.19
202,Tartagal,73.4,90.0,AR,11/09/2019,94.0,-63.8,-22.52,73.4,17.22
203,Havelock,45.59,1.0,US,11/09/2019,66.0,-76.9,34.88,50.0,2.64
204,Nouadhibou,69.8,83.0,MR,11/09/2019,64.0,-17.03,20.93,69.8,23.04
205,Bougouni,80.58,12.0,ML,11/09/2019,63.0,-7.49,11.42,80.58,5.55
206,Kitgum,69.1,65.0,UG,11/09/2019,74.0,32.88,3.3,69.1,1.77
207,Ponta do Sol,69.53,90.0,BR,11/09/2019,89.0,-46.0,-20.63,69.53,5.32
208,Vallenar,54.36,0.0,CL,11/09/2019,89.0,-70.76,-28.58,54.36,3.31
209,Ugoofaaru,81.75,3.0,MV,11/09/2019,71.0,73.0,5.67,81.75,4.72
210,Clyde River,17.6,90.0,CA,11/09/2019,85.0,-68.59,70.47,17.6,28.86
211,Esperance,78.8,94.0,AU,11/09/2019,19.0,121.89,-33.86,78.8,20.8
212,Kuruman,65.7,39.0,ZA,11/09/2019,48.0,23.43,-27.46,65.7,8.97
213,Cidreira,71.02,100.0,BR,11/09/2019,87.0,-50.22,-30.17,71.02,22.44
214,Fairbanks,8.62,1.0,US,11/09/2019,78.0,-147.72,64.84,10.0,2.95
215,San Quintin,76.93,77.0,PH,11/09/2019,83.0,120.52,17.54,76.93,3.76
216,Bluff,78.51,11.0,AU,11/09/2019,12.0,149.07,-23.58,78.51,6.76
217,San Cristobal,67.24,42.0,HN,11/09/2019,92.0,-86.92,14.68,67.24,6.35
218,Kavieng,77.31,100.0,PG,11/09/2019,92.0,150.8,-2.57,77.31,8.48
219,Tasiilaq,35.6,87.0,GL,11/09/2019,74.0,-37.64,65.61,35.6,36.91
220,Zhigalovo,12.47,100.0,RU,11/09/2019,83.0,105.15,54.81,12.47,7.29
221,Pestravka,29.71,88.0,RU,11/09/2019,90.0,49.95,52.4,29.71,4.59
222,Skelleftea,14.52,100.0,SE,11/09/2019,85.0,20.95,64.75,15.01,11.41
223,Aqtobe,26.6,90.0,KZ,11/09/2019,86.0,57.21,50.28,26.6,11.18
224,Russell,71.96,1.0,US,11/09/2019,18.0,-98.86,38.9,73.4,10.29
225,Kinkala,77.0,20.0,CG,11/09/2019,88.0,14.75,-4.35,77.0,4.7
226,Olinda,55.8,75.0,AU,11/09/2019,67.0,145.39,-37.84,59.0,16.11
227,Porto Novo,71.6,40.0,BR,11/09/2019,78.0,-45.44,-23.68,71.6,5.82
228,Hay River,1.4,75.0,CA,11/09/2019,70.0,-115.79,60.82,1.4,9.17
229,Orlik,44.44,75.0,PL,11/09/2019,93.0,17.74,53.95,45.0,12.75
230,Presidencia Roque Saenz Pena,73.62,100.0,AR,11/09/2019,84.0,-60.44,-26.79,73.62,3.31
231,Steinbach,21.67,75.0,CA,11/09/2019,79.0,-96.69,49.53,23.0,19.46
232,Emirdag,48.04,0.0,TR,11/09/2019,48.0,31.15,39.02,48.04,3.42
233,Kiruna,-2.21,0.0,SE,11/09/2019,77.0,20.23,67.86,-2.21,1.12
234,Pacific Grove,65.97,1.0,US,11/09/2019,77.0,-121.92,36.62,78.8,5.82
235,Luang Prabang,60.75,9.0,LA,11/09/2019,92.0,102.14,19.89,60.75,1.83
236,Alta Floresta,71.29,94.0,BR,11/09/2019,98.0,-56.08,-9.87,71.29,5.1
237,Fortuna,54.52,75.0,US,11/09/2019,87.0,-124.16,40.6,60.01,10.29
238,Sao Filipe,74.95,94.0,CV,11/09/2019,79.0,-24.5,14.9,74.95,15.43
239,Manyana,66.69,90.0,AU,11/09/2019,34.0,150.51,-35.26,71.01,9.17
240,Koslan,15.94,96.0,RU,11/09/2019,94.0,48.9,63.46,15.94,5.73
241,Tuatapere,48.99,100.0,NZ,11/09/2019,91.0,167.69,-46.13,48.99,7.0
242,Te Anau,45.9,97.0,NZ,11/09/2019,87.0,167.72,-45.41,45.9,3.65
243,Adrar,59.0,0.0,DZ,11/09/2019,28.0,-0.29,27.87,59.0,11.41
244,Nyurba,10.58,100.0,RU,11/09/2019,93.0,118.35,63.29,10.58,5.01
245,Roebourne,96.26,53.0,AU,11/09/2019,13.0,117.15,-20.77,96.26,12.86
246,Zhangye,33.57,0.0,CN,11/09/2019,28.0,100.46,38.94,33.57,3.94
247,Beringovskiy,28.94,100.0,RU,11/09/2019,96.0,179.32,63.05,28.94,13.49
248,Praia da Vitoria,59.0,0.0,PT,11/09/2019,93.0,-27.07,38.73,59.0,6.2
249,Leningradskiy,19.27,11.0,RU,11/09/2019,61.0,178.42,69.38,19.27,6.89
250,Kavaratti,81.14,56.0,IN,11/09/2019,71.0,72.64,10.57,81.14,7.11
251,Woodward,71.11,1.0,US,11/09/2019,33.0,-99.39,36.43,73.4,6.93
252,Port Elizabeth,34.59,1.0,US,11/09/2019,63.0,-74.98,39.31,39.2,3.31
253,Labuhan,79.47,100.0,ID,11/09/2019,81.0,115.51,-2.54,79.47,0.98
254,Emerald,77.58,30.0,AU,11/09/2019,12.0,148.16,-23.53,78.01,14.99
255,Salinas,66.25,1.0,US,11/09/2019,67.0,-121.66,36.67,78.8,10.29
256,Kohlu,50.23,0.0,PK,11/09/2019,46.0,69.25,29.9,50.23,2.53
257,Osypenko,48.09,75.0,UA,11/09/2019,93.0,34.39,48.04,48.2,11.18
258,Xining,27.77,0.0,CN,11/09/2019,28.0,101.77,36.62,27.77,4.54
259,Santa Cruz del Sur,82.17,0.0,CU,11/09/2019,77.0,-78.0,20.71,82.17,12.93
260,Rosario,64.92,20.0,UY,11/09/2019,82.0,-57.35,-34.31,66.2,18.34
261,Los Llanos de Aridane,66.67,90.0,ES,11/09/2019,56.0,-17.92,28.66,69.8,16.11
262,Lebu,57.2,20.0,ET,11/09/2019,62.0,38.73,8.96,57.2,2.24
263,Barmer,72.3,0.0,IN,11/09/2019,35.0,71.4,25.74,72.3,11.21
264,Bathsheba,78.8,40.0,BB,11/09/2019,88.0,-59.52,13.22,78.8,23.04
265,Dingle,79.95,4.0,PH,11/09/2019,76.0,122.67,11.0,79.95,0.4
266,Kemin,34.41,94.0,KG,11/09/2019,53.0,75.7,42.79,34.41,1.59
267,Salalah,78.8,40.0,OM,11/09/2019,74.0,54.1,17.01,78.8,3.36
268,Antsohihy,78.58,82.0,MG,11/09/2019,78.0,47.99,-14.88,78.58,1.12
269,Kotdwara,62.58,0.0,IN,11/09/2019,61.0,78.53,29.75,62.58,8.01
270,Mosquera,59.0,75.0,CO,11/09/2019,82.0,-74.23,4.71,59.0,3.36
271,Turbat,66.04,0.0,PK,11/09/2019,47.0,63.05,26.0,66.04,2.64
272,Yerbogachen,-0.5,97.0,RU,11/09/2019,92.0,108.01,61.28,-0.5,11.12
273,Abrego,57.54,100.0,CO,11/09/2019,98.0,-73.22,8.08,57.54,2.57
274,Niesky,38.48,55.0,DE,11/09/2019,90.0,14.82,51.29,41.0,4.59
275,Umba,26.82,100.0,RU,11/09/2019,91.0,34.34,66.69,26.82,20.07
276,Narasannapeta,70.63,36.0,IN,11/09/2019,87.0,84.04,18.42,70.63,5.5
277,Palmer,60.91,40.0,AU,11/09/2019,54.0,139.16,-34.85,64.99,8.05
278,Saint-Augustin,34.27,90.0,CA,11/09/2019,64.0,-73.98,45.63,36.0,8.05
279,Nisia Floresta,78.1,20.0,BR,11/09/2019,78.0,-35.21,-6.09,78.8,8.05
280,Petropavlovsk-Kamchatskiy,33.8,40.0,RU,11/09/2019,86.0,158.65,53.05,33.8,2.24
281,Dikson,9.16,100.0,RU,11/09/2019,94.0,80.55,73.51,9.16,14.27
282,Bilibino,2.55,6.0,RU,11/09/2019,59.0,166.44,68.06,2.55,2.93
283,Copiapo,59.0,0.0,CL,11/09/2019,77.0,-70.33,-27.37,59.0,11.41
284,Saint-Francois,37.02,89.0,FR,11/09/2019,86.0,3.91,46.42,41.0,4.7
285,Kiama,68.07,90.0,AU,11/09/2019,34.0,150.86,-34.67,71.01,9.17
286,Obo,70.14,73.0,CF,11/09/2019,93.0,26.49,5.39,70.14,1.74
287,Aklavik,5.27,20.0,CA,11/09/2019,71.0,-135.01,68.22,6.8,11.41
288,Kudahuvadhoo,81.95,42.0,MV,11/09/2019,79.0,72.89,2.67,81.95,13.69
289,Sisimiut,24.46,10.0,GL,11/09/2019,50.0,-53.67,66.94,24.46,14.83
290,Pitimbu,77.0,20.0,BR,11/09/2019,83.0,-34.81,-7.47,77.0,8.05
291,Leh,14.58,0.0,IN,11/09/2019,30.0,77.58,34.16,14.58,1.86
292,Kloulklubed,75.2,90.0,PW,11/09/2019,94.0,134.26,7.04,75.2,15.46
293,Swan Hill,63.88,3.0,AU,11/09/2019,47.0,143.56,-35.34,63.88,10.56
294,Mpika,67.84,65.0,ZM,11/09/2019,58.0,31.4,-11.84,67.84,8.25
295,Namibe,76.69,0.0,AO,11/09/2019,76.0,12.15,-15.19,76.69,7.54
296,Abu Dhabi,77.0,6.0,AE,11/09/2019,65.0,54.37,24.47,77.0,3.36
297,Grand Gaube,68.99,20.0,MU,11/09/2019,94.0,57.66,-20.01,70.0,5.82
298,Ende,81.66,8.0,ID,11/09/2019,75.0,121.65,-8.84,81.66,3.29
299,Erzurum,23.0,0.0,TR,11/09/2019,79.0,41.27,39.91,23.0,1.12
300,Lavrentiya,34.7,100.0,RU,11/09/2019,97.0,-170.99,65.58,34.7,5.99
301,Egvekinot,15.6,0.0,RU,11/09/2019,84.0,-179.17,66.32,15.6,3.69
302,Priiskovyy,29.01,100.0,RU,11/09/2019,98.0,116.63,51.93,29.01,5.68
303,Chute-aux-Outardes,27.1,90.0,CA,11/09/2019,86.0,-68.38,49.12,28.0,20.8
304,Boyabat,50.85,0.0,TR,11/09/2019,53.0,34.77,41.47,50.85,0.38
305,Benguela,78.15,76.0,AO,11/09/2019,86.0,13.4,-12.58,78.15,3.44
306,Kachiry,22.03,100.0,KZ,11/09/2019,58.0,76.1,53.07,22.03,13.65
307,Havoysund,19.4,0.0,NO,11/09/2019,85.0,24.66,71.0,19.4,11.41
308,Betare Oya,68.76,24.0,CM,11/09/2019,74.0,14.08,5.6,68.76,2.98
309,Peniche,56.32,93.0,PT,11/09/2019,82.0,-9.38,39.36,59.0,9.17
310,Bonthe,79.74,11.0,SL,11/09/2019,81.0,-12.5,7.53,79.74,4.5
311,San Policarpo,81.48,1.0,PH,11/09/2019,73.0,125.51,12.18,81.48,5.17
312,Aviles,49.57,100.0,ES,11/09/2019,81.0,-5.92,43.55,52.0,20.8
313,Kununurra,86.0,87.0,AU,11/09/2019,62.0,128.74,-15.77,86.0,3.36
314,Vila Franca do Campo,60.8,20.0,PT,11/09/2019,82.0,-25.43,37.72,60.8,5.82
315,Palaikastron,73.0,49.0,GR,11/09/2019,74.0,26.25,35.2,73.0,4.0
316,Victoria,76.66,75.0,BN,11/09/2019,83.0,115.24,5.28,78.8,2.24
317,Mamakan,15.89,100.0,RU,11/09/2019,89.0,114.02,57.82,15.89,10.04
318,Aksha,30.07,97.0,RU,11/09/2019,72.0,113.29,50.28,30.07,11.48
319,Tres Palos,86.0,5.0,MX,11/09/2019,74.0,-99.78,16.83,86.0,8.05
320,Ottobrunn,30.7,0.0,DE,11/09/2019,100.0,11.67,48.06,36.0,2.26
321,Baft,42.21,31.0,IR,11/09/2019,61.0,56.61,29.23,42.21,2.26
322,Lompoc,70.52,1.0,US,11/09/2019,72.0,-120.46,34.64,77.0,12.75
323,Naryan-Mar,1.44,0.0,RU,11/09/2019,96.0,53.09,67.67,1.44,7.61
324,Borogontsy,-17.85,0.0,RU,11/09/2019,94.0,131.17,62.67,-17.85,5.14
325,Kokorevka,47.82,96.0,RU,11/09/2019,95.0,34.27,52.59,47.82,9.89
326,Warri,77.88,99.0,NG,11/09/2019,91.0,5.75,5.52,77.88,1.97
327,Pevek,5.81,0.0,RU,11/09/2019,75.0,170.27,69.7,5.81,3.65
328,Baykit,-13.04,100.0,RU,11/09/2019,91.0,96.39,61.68,-13.04,6.91
329,Manaure,84.2,90.0,CO,11/09/2019,79.0,-72.45,11.78,84.2,8.05
330,Mana,79.99,0.0,NG,11/09/2019,23.0,5.27,13.03,79.99,5.5
331,Paso de Carrasco,63.95,0.0,UY,11/09/2019,68.0,-56.05,-34.86,64.99,13.87
332,Saint Anthony,53.35,1.0,US,11/09/2019,30.0,-111.68,43.97,55.0,3.36
333,Houma,43.93,0.0,CN,11/09/2019,56.0,111.36,35.63,43.93,5.46
334,Tremedal,70.39,3.0,BR,11/09/2019,61.0,-41.41,-14.98,70.39,5.1
335,Geraldton,19.4,90.0,CA,11/09/2019,85.0,-86.95,49.72,19.4,4.7
336,Nantucket,36.59,1.0,US,11/09/2019,59.0,-70.1,41.28,37.99,5.82
337,Vorukh,34.52,0.0,KG,11/09/2019,50.0,70.57,39.85,34.52,2.57
338,Kajaani,26.6,90.0,FI,11/09/2019,92.0,27.73,64.22,26.6,9.17
339,Agua Branca,82.6,47.0,BR,11/09/2019,48.0,-42.63,-5.89,82.6,2.93
340,Ketchikan,50.94,90.0,US,11/09/2019,93.0,-131.65,55.34,51.8,21.92
341,Xuddur,72.84,100.0,SO,11/09/2019,90.0,43.89,4.12,72.84,10.09
342,Mangrol,68.63,0.0,IN,11/09/2019,56.0,76.51,25.33,68.63,6.73
343,Pyaozerskiy,27.82,100.0,RU,11/09/2019,94.0,31.17,65.83,27.82,16.33
344,Coron,43.86,59.0,FR,11/09/2019,93.0,-0.65,47.13,44.6,8.05
345,Liwale,70.65,83.0,TZ,11/09/2019,92.0,37.92,-9.8,70.65,2.73
346,Kalmunai,79.36,99.0,LK,11/09/2019,83.0,81.82,7.42,79.36,7.2
347,Taloqan,36.16,0.0,AF,11/09/2019,78.0,69.54,36.74,36.16,0.38
348,Ranong,77.0,75.0,TH,11/09/2019,100.0,98.62,9.96,77.0,9.48
349,Sangamner,64.89,0.0,IN,11/09/2019,81.0,74.2,19.57,64.89,1.59
350,Akdepe,37.38,0.0,TM,11/09/2019,48.0,59.39,42.05,39.2,4.7
351,Bolnisi,46.4,0.0,GE,11/09/2019,70.0,44.54,41.45,46.4,1.12
352,Lagoa,58.68,75.0,PT,11/09/2019,93.0,-8.45,37.14,59.0,10.29
353,Saldanha,41.76,100.0,PT,11/09/2019,85.0,-6.55,41.42,41.76,10.2
354,Seybaplaya,78.8,40.0,MX,11/09/2019,83.0,-90.67,19.65,78.8,11.41
355,Penzance,48.69,0.0,GB,11/09/2019,76.0,-5.53,50.12,50.0,33.33
356,Alpena,35.26,90.0,US,11/09/2019,74.0,-83.43,45.06,37.4,8.05
357,Paragominas,78.98,64.0,BR,11/09/2019,71.0,-47.35,-3.0,78.98,4.27
358,Hamilton,37.8,75.0,CA,11/09/2019,64.0,-79.87,43.26,39.99,14.99
359,Port Hardy,50.0,90.0,CA,11/09/2019,93.0,-127.42,50.7,50.0,4.7
360,Nemuro,40.08,5.0,JP,11/09/2019,57.0,145.57,43.32,40.08,5.84
361,Ahipara,75.0,100.0,NZ,11/09/2019,100.0,173.16,-35.17,75.0,20.22
362,Praya,80.6,20.0,ID,11/09/2019,78.0,116.27,-8.71,80.6,2.24
363,Ulaangom,30.72,77.0,MN,11/09/2019,77.0,92.07,49.98,30.72,4.12
364,San Lazaro,86.0,20.0,BZ,11/09/2019,79.0,-88.66,18.04,86.0,1.54
365,Vao,42.13,100.0,EE,11/09/2019,98.0,26.19,59.1,42.13,6.42
366,Quelimane,80.6,40.0,MZ,11/09/2019,83.0,36.89,-17.88,80.6,6.93
367,Vostok,21.42,0.0,RU,11/09/2019,63.0,135.83,46.45,21.42,5.28
368,Osakarovka,19.89,100.0,KZ,11/09/2019,94.0,72.58,50.56,19.89,20.78
369,Taltal,55.0,64.0,CL,11/09/2019,88.0,-70.49,-25.41,55.0,2.98
370,Narsaq,44.6,100.0,GL,11/09/2019,39.0,-46.05,60.91,44.6,39.15
371,Taquaritinga do Norte,68.56,81.0,BR,11/09/2019,88.0,-36.04,-7.9,68.56,6.73
372,Cherskiy,-0.78,0.0,RU,11/09/2019,88.0,161.3,68.75,-0.78,1.12
373,Tawang,34.88,100.0,BT,11/09/2019,86.0,91.87,27.59,34.88,3.38
374,Tadine,81.81,81.0,NC,11/09/2019,52.0,167.88,-21.55,81.81,3.33
375,Bandundu,73.83,83.0,CD,11/09/2019,94.0,17.38,-3.32,73.83,3.13
376,Prince George,23.0,90.0,CA,11/09/2019,85.0,-122.75,53.92,23.0,11.41
377,Kahta,57.2,4.0,TR,11/09/2019,37.0,38.62,37.78,57.2,6.93
378,Mamallapuram,80.4,99.0,IN,11/09/2019,94.0,80.17,12.63,81.0,3.0
379,Bridlington,40.37,41.0,GB,11/09/2019,80.0,-0.19,54.08,44.01,5.82
380,Oranjemund,58.55,31.0,ZA,11/09/2019,93.0,16.43,-28.55,58.55,3.71
381,Okhotsk,8.04,23.0,RU,11/09/2019,72.0,143.24,59.36,8.04,18.72
382,Galveston,40.93,1.0,US,11/09/2019,60.0,-86.19,40.58,44.6,10.29
383,Bud,20.32,0.0,NO,11/09/2019,68.0,6.91,62.91,28.4,9.17
384,Grand-Lahou,82.36,0.0,CI,11/09/2019,77.0,-5.0,5.24,82.36,10.8
385,Yerofey Pavlovich,10.45,100.0,RU,11/09/2019,93.0,121.97,53.97,10.45,4.59
386,Russkaya Polyana,17.76,64.0,RU,11/09/2019,68.0,73.88,53.78,17.76,8.55
387,Bogande,79.25,79.0,BF,11/09/2019,25.0,-0.14,12.97,79.25,2.44
388,Tecoanapa,86.0,5.0,MX,11/09/2019,74.0,-99.26,16.99,86.0,8.05
389,Artigas,66.88,100.0,BR,11/09/2019,91.0,-56.46,-30.4,66.88,11.01
390,Magsaysay,78.8,20.0,PH,11/09/2019,88.0,125.15,6.76,78.8,1.03
391,Hambantota,80.4,90.0,LK,11/09/2019,79.0,81.12,6.12,80.4,6.73
392,Quetzaltenango,77.45,40.0,GT,11/09/2019,62.0,-91.52,14.83,89.6,6.93
393,Ayan,31.06,0.0,IR,11/09/2019,27.0,44.7,38.23,31.06,1.7
394,Botwood,29.03,40.0,CA,11/09/2019,68.0,-55.34,49.14,30.2,19.46
395,Trinidad,80.6,75.0,BO,11/09/2019,83.0,-64.9,-14.83,80.6,4.7
396,Wagar,49.8,0.0,US,11/09/2019,66.0,-87.99,31.44,49.8,3.89
397,Linxi,59.0,27.0,CN,11/09/2019,93.0,116.7,23.65,59.0,1.52
398,Waddan,65.44,97.0,LY,11/09/2019,56.0,16.14,29.16,65.44,11.25
399,Vestmannaeyjar,44.42,87.0,IS,11/09/2019,82.0,-20.27,63.44,44.42,16.6
400,Trairi,75.45,8.0,BR,11/09/2019,83.0,-39.27,-3.28,75.45,5.39
401,Thinadhoo,81.55,81.0,MV,11/09/2019,77.0,72.93,0.53,81.55,8.34
402,Taraz,33.3,99.0,KZ,11/09/2019,86.0,71.39,42.89,33.8,6.71
403,Alofi,82.4,6.0,NU,11/09/2019,65.0,-169.92,-19.06,82.4,16.11
404,San Patricio,77.67,98.0,PY,11/09/2019,83.0,-56.83,-26.98,77.67,6.78
405,Nhulunbuy,84.2,40.0,AU,11/09/2019,74.0,136.78,-12.18,84.2,5.82
406,Vanavara,-6.18,100.0,RU,11/09/2019,89.0,102.28,60.35,-6.18,10.8
407,Nayoro,30.51,75.0,JP,11/09/2019,79.0,142.46,44.36,30.51,12.95
408,Ndola,75.07,91.0,ZM,11/09/2019,45.0,28.64,-12.97,75.07,11.72
409,Suraabad,48.2,0.0,AZ,11/09/2019,100.0,49.47,40.82,48.2,3.36
410,Zhuhai,26.6,20.0,CN,11/09/2019,92.0,112.04,40.71,26.6,4.47
411,Bell Ville,73.0,63.0,AR,11/09/2019,73.0,-62.69,-32.63,73.0,1.01
412,Carauari,75.22,97.0,BR,11/09/2019,95.0,-66.9,-4.88,75.22,2.24
413,Tomatlan,79.88,29.0,MX,11/09/2019,83.0,-105.25,19.93,79.88,2.82
414,Aksarka,-5.03,82.0,RU,11/09/2019,99.0,67.8,66.56,-5.03,0.87
415,Agapovka,6.8,0.0,RU,11/09/2019,92.0,59.13,53.3,6.8,4.47
416,Chimoio,71.6,75.0,MZ,11/09/2019,94.0,33.48,-19.11,71.6,5.1
417,Farmington,61.48,1.0,US,11/09/2019,13.0,-108.21,36.73,62.6,9.17
418,Necochea,50.0,3.0,AR,11/09/2019,76.0,-58.74,-38.55,50.0,4.0
419,Tahoua,82.42,17.0,NE,11/09/2019,14.0,5.26,14.89,82.42,6.2
420,Esmeralda,82.4,0.0,CL,11/09/2019,38.0,-70.9,-34.33,82.4,8.05
421,Youkounkoun,80.17,2.0,GN,11/09/2019,50.0,-13.12,12.53,80.17,3.2
422,Portland,30.34,20.0,US,11/09/2019,47.0,-70.25,43.66,36.0,4.7
423,Aswan,75.2,0.0,EG,11/09/2019,33.0,32.9,24.09,75.2,1149.56
424,Maniitsoq,35.38,57.0,GL,11/09/2019,47.0,-52.9,65.42,35.38,25.52
425,Rawson,50.7,15.0,AR,11/09/2019,80.0,-65.11,-43.3,50.7,20.8
426,Kinna,37.18,90.0,SE,11/09/2019,93.0,12.69,57.51,39.0,10.29
427,Zenzeli,47.71,0.0,RU,11/09/2019,71.0,47.05,45.92,47.71,11.83
428,Bay Roberts,34.07,75.0,CA,11/09/2019,59.0,-53.28,47.58,36.0,27.51
429,Creel,60.64,100.0,MX,11/09/2019,60.0,-107.63,27.75,60.64,6.06
430,Flinders,68.74,90.0,AU,11/09/2019,34.0,150.85,-34.58,71.01,9.17
431,Birin,49.87,99.0,NP,11/09/2019,89.0,88.07,26.89,49.87,1.01
432,Mgandu,61.97,3.0,TZ,11/09/2019,87.0,34.11,-5.96,61.97,7.05
433,Sens,41.77,99.0,FR,11/09/2019,87.0,3.28,48.2,42.8,6.93
434,Gasa,24.31,100.0,BT,11/09/2019,81.0,89.73,27.91,24.31,2.19
435,Constitucion,75.49,75.0,MX,11/09/2019,25.0,-104.67,23.99,77.0,4.7
436,Ola,17.8,100.0,RU,11/09/2019,80.0,151.3,59.58,17.8,15.46
437,North Bend,54.09,1.0,US,11/09/2019,81.0,-124.22,43.41,55.99,5.82
438,Zempoala,51.42,90.0,MX,11/09/2019,97.0,-98.0,20.09,51.42,2.62
439,Filadelfia,88.61,86.0,PY,11/09/2019,44.0,-60.04,-22.35,88.61,7.96
440,Natal,78.12,20.0,BR,11/09/2019,78.0,-35.21,-5.81,78.8,8.05
441,Cleethorpes,40.75,98.0,GB,11/09/2019,81.0,-0.03,53.56,44.6,10.29
442,Evensk,23.99,100.0,RU,11/09/2019,84.0,159.24,61.92,23.99,32.79
443,Segou,80.35,16.0,SN,11/09/2019,51.0,-12.29,12.41,80.35,2.21
444,Kahului,81.72,40.0,US,11/09/2019,55.0,-156.47,20.89,86.0,11.41
445,Murakami,52.68,40.0,JP,11/09/2019,54.0,139.58,38.29,53.6,6.93
446,Guiratinga,75.92,56.0,BR,11/09/2019,73.0,-53.76,-16.35,75.92,2.71
447,Alugan,81.48,1.0,PH,11/09/2019,73.0,125.48,12.22,81.48,5.17
448,Tambun,76.37,34.0,ID,11/09/2019,78.0,107.07,-6.26,78.01,5.82
449,Barcelos,78.53,88.0,BR,11/09/2019,82.0,-62.93,-0.97,78.53,2.06
450,Mweka,72.93,100.0,CD,11/09/2019,88.0,21.56,-4.85,72.93,0.85
451,Mount Gambier,51.8,40.0,AU,11/09/2019,87.0,140.78,-37.83,51.8,10.29
452,Lensk,13.28,100.0,RU,11/09/2019,93.0,114.91,60.71,13.28,10.18
453,Codrington,70.3,90.0,AU,11/09/2019,34.0,153.24,-28.95,71.6,8.05
454,Mount Isa,78.8,40.0,AU,11/09/2019,11.0,139.49,-20.73,78.8,14.99
455,Beloha,70.32,81.0,MG,11/09/2019,83.0,45.06,-25.17,70.32,9.33
456,Rapid Valley,55.06,1.0,US,11/09/2019,30.0,-103.15,44.06,59.0,8.05
457,Palembang,80.2,3.0,ID,11/09/2019,64.0,104.76,-2.99,80.2,2.08
458,Muros,50.23,40.0,ES,11/09/2019,93.0,-9.06,42.77,54.0,4.7
459,Ravar,49.96,54.0,IR,11/09/2019,21.0,56.81,31.27,49.96,7.2
460,Old Bridge,35.13,1.0,US,11/09/2019,41.0,-74.3,40.41,42.01,9.13
461,Tsumeb,70.88,98.0,NA,11/09/2019,58.0,17.72,-19.25,70.88,6.49
462,Sierra Vista,73.15,1.0,US,11/09/2019,38.0,-110.3,31.55,79.0,5.82
463,Mokhsogollokh,-1.86,100.0,RU,11/09/2019,89.0,128.95,61.4,-1.86,4.16
464,Turukhansk,-18.33,100.0,RU,11/09/2019,99.0,87.96,65.8,-18.33,4.03
465,Yarada,73.4,75.0,IN,11/09/2019,88.0,83.27,17.65,73.4,2.24
466,Katsuura,53.85,40.0,JP,11/09/2019,62.0,134.5,33.93,57.2,12.75
467,Phuket,75.02,20.0,TH,11/09/2019,88.0,98.4,7.89,77.0,1.12
468,Kieta,80.98,100.0,PG,11/09/2019,73.0,155.63,-6.22,80.98,1.81
469,Matara,58.82,52.0,BI,11/09/2019,87.0,29.48,-3.48,58.82,4.5
470,Inhambane,74.08,93.0,MZ,11/09/2019,80.0,35.38,-23.87,74.08,11.72
471,Nelson Bay,71.11,0.0,AU,11/09/2019,28.0,152.14,-32.72,72.0,12.75
472,Mildura,59.65,40.0,AU,11/09/2019,51.0,142.16,-34.18,60.01,11.41
473,Baringo,71.04,42.0,KE,11/09/2019,67.0,35.97,0.47,71.04,1.72
474,Luganville,84.2,40.0,VU,11/09/2019,66.0,167.18,-15.51,84.2,5.82
475,Salvador,80.6,20.0,BR,11/09/2019,78.0,-38.48,-12.98,80.6,17.22
476,Grindavik,40.14,75.0,IS,11/09/2019,86.0,-22.43,63.84,41.0,3.36
477,Darnah,71.83,0.0,LY,11/09/2019,71.0,22.64,32.77,71.83,16.98
478,Melchor de Mencos,84.49,20.0,GT,11/09/2019,62.0,-89.15,17.06,86.0,6.93
479,Young,75.0,50.0,UY,11/09/2019,66.0,-57.63,-32.7,75.0,4.0
480,Luanda,80.6,75.0,AO,11/09/2019,83.0,13.24,-8.83,80.6,5.82
481,Griffith,59.9,40.0,AU,11/09/2019,51.0,146.06,-34.29,60.8,13.87
482,Dawei,76.95,81.0,MM,11/09/2019,69.0,98.19,14.07,76.95,8.84
483,Machilipatnam,69.1,0.0,IN,11/09/2019,84.0,81.14,16.18,69.1,4.16
484,Puerto Leguizamo,74.55,67.0,CO,11/09/2019,93.0,-74.78,-0.19,74.55,2.28
485,Manturovo,28.53,100.0,RU,11/09/2019,56.0,44.76,58.33,28.53,7.52
486,Jever,41.45,86.0,DE,11/09/2019,87.0,7.9,53.57,44.01,8.05
487,Itapora,73.18,100.0,BR,11/09/2019,86.0,-54.79,-22.08,73.18,4.9
488,Maceio,75.2,17.0,BR,11/09/2019,83.0,-35.74,-9.67,75.2,8.05
489,Briceno,58.93,100.0,CO,11/09/2019,97.0,-75.55,7.11,58.93,0.58
490,Makaha,82.87,1.0,US,11/09/2019,48.0,-158.22,21.47,86.0,5.82
491,Fallon,38.3,90.0,US,11/09/2019,86.0,-105.12,46.84,39.0,19.46
492,Serowe,67.55,92.0,BW,11/09/2019,79.0,26.7,-22.4,67.55,13.49
493,Timra,22.5,90.0,SE,11/09/2019,73.0,17.33,62.49,23.0,13.87
494,Benghazi,74.1,80.0,LY,11/09/2019,41.0,20.07,32.12,74.1,16.96
495,Puerto Quijarro,86.0,75.0,BO,11/09/2019,74.0,-57.72,-19.0,86.0,6.93
496,Maragogi,79.23,96.0,BR,11/09/2019,79.0,-35.22,-9.01,79.23,14.41
497,San Mateo Ixtatan,57.99,0.0,GT,11/09/2019,96.0,-91.48,15.83,57.99,4.99
498,Port Hedland,78.8,22.0,AU,11/09/2019,31.0,118.58,-20.31,78.8,6.93
499,Podlesnyy,41.32,83.0,RU,11/09/2019,86.0,38.27,53.94,41.32,9.51
500,Adeje,77.88,99.0,NG,11/09/2019,91.0,5.76,5.68,77.88,1.97
501,Chamba,50.5,0.0,IN,11/09/2019,26.0,76.12,32.56,50.5,10.04
502,Umm Lajj,78.3,0.0,SA,11/09/2019,47.0,37.27,25.02,78.3,8.19
503,Knysna,59.0,81.0,ZA,11/09/2019,82.0,23.05,-34.04,59.0,6.93
504,Veraval,41.0,100.0,FR,11/09/2019,100.0,0.71,49.65,42.01,3.36
505,Iqaluit,5.0,75.0,CA,11/09/2019,77.0,-68.52,63.75,5.0,16.11
506,Mitsamiouli,79.25,100.0,KM,11/09/2019,81.0,43.28,-11.38,79.25,6.13
507,Touros,77.0,20.0,BR,11/09/2019,78.0,-35.46,-5.2,77.0,8.05
508,Tynda,3.25,100.0,RU,11/09/2019,95.0,124.74,55.15,3.25,2.37
509,Taoudenni,68.74,11.0,ML,11/09/2019,21.0,-3.98,22.68,68.74,9.15
510,Boma,72.03,16.0,GH,11/09/2019,87.0,-2.17,7.08,72.03,0.16
511,Alexander City,49.73,1.0,US,11/09/2019,87.0,-85.95,32.94,53.6,1.5
512,Shizuishan,39.99,0.0,CN,11/09/2019,25.0,106.36,39.02,39.99,1.01
513,Mitu,38.53,0.0,IR,11/09/2019,40.0,46.09,36.2,38.53,7.83
514,Guerrero Negro,74.71,100.0,MX,11/09/2019,51.0,-114.04,27.97,74.71,12.1
515,Coruripe,77.97,3.0,BR,11/09/2019,78.0,-36.18,-10.12,77.97,13.58
516,Kabalo,69.87,42.0,CD,11/09/2019,92.0,26.92,-6.05,69.87,1.43
517,Yangambi,70.97,68.0,CD,11/09/2019,91.0,24.47,0.77,70.97,0.74
518,Belfast,37.69,96.0,GB,11/09/2019,86.0,-5.93,54.6,39.99,3.36
519,Savonlinna,35.24,90.0,FI,11/09/2019,100.0,28.88,61.87,35.6,4.9
520,Namatanai,80.76,100.0,PG,11/09/2019,75.0,152.44,-3.66,80.76,2.44
521,Sinnamary,81.82,34.0,GF,11/09/2019,84.0,-52.96,5.38,81.82,11.61
522,Chicama,64.4,40.0,PE,11/09/2019,82.0,-79.15,-7.84,64.4,10.29
523,Wuchang,39.61,100.0,CN,11/09/2019,54.0,127.16,44.93,39.61,8.08
524,Tautira,82.18,75.0,PF,11/09/2019,69.0,-149.15,-17.73,82.4,10.29
525,Saint-Pierre,36.21,90.0,FR,11/09/2019,93.0,4.24,48.95,39.99,11.41
526,Ostrogozhsk,42.48,69.0,RU,11/09/2019,90.0,39.08,50.86,42.48,8.19
527,Warrington,38.91,75.0,GB,11/09/2019,93.0,-2.59,53.39,41.0,14.99
528,Caravelas,70.54,29.0,BR,11/09/2019,92.0,-39.27,-17.73,70.54,7.02
529,Bereda,47.77,20.0,ES,11/09/2019,71.0,-7.54,43.27,54.0,10.29
530,Kaoma,77.18,97.0,ZM,11/09/2019,36.0,24.8,-14.8,77.18,7.9
531,Kathmandu,53.6,20.0,NP,11/09/2019,100.0,85.32,27.71,53.6,2.73
532,Dire Dawa,58.89,6.0,ET,11/09/2019,79.0,41.86,9.59,58.89,5.66
533,Torrox,53.6,20.0,ES,11/09/2019,54.0,-3.95,36.76,61.0,8.05
534,Anadyr,24.37,75.0,RU,11/09/2019,85.0,177.51,64.73,24.8,6.71
535,Svetlogorsk,6.8,0.0,RU,11/09/2019,92.0,59.15,53.14,6.8,4.47
536,Axim,77.2,15.0,GH,11/09/2019,87.0,-2.24,4.87,77.2,2.95
537,Ormara,78.48,14.0,PK,11/09/2019,48.0,64.64,25.21,78.48,7.07
538,Sainte-Marie,29.82,90.0,CA,11/09/2019,68.0,-71.03,46.45,30.99,4.7
539,Nabire,83.46,100.0,ID,11/09/2019,63.0,135.5,-3.36,83.46,1.32
540,Shima,59.0,20.0,JP,11/09/2019,58.0,136.82,34.34,59.0,16.11
541,Kroya,83.43,40.0,ID,11/09/2019,51.0,108.06,-6.5,83.43,5.21
542,Samokov,48.2,75.0,MK,11/09/2019,93.0,21.15,41.68,48.2,1.41
543,Bongandanga,70.16,33.0,CD,11/09/2019,98.0,21.07,1.51,70.16,0.96
544,Bandarbeyla,79.02,0.0,SO,11/09/2019,73.0,50.81,9.49,79.02,14.85
545,Semey,33.73,100.0,KZ,11/09/2019,96.0,80.25,50.41,33.73,7.23
546,Sesheke,81.03,89.0,NA,11/09/2019,37.0,24.29,-17.47,81.03,6.11
547,Comarapa,63.23,48.0,BO,11/09/2019,84.0,-64.53,-17.91,63.23,2.93
548,Itarema,78.84,56.0,BR,11/09/2019,76.0,-39.92,-2.92,78.84,12.26
549,Ust-Tsilma,7.12,51.0,RU,11/09/2019,94.0,52.15,65.44,7.12,3.74
550,Kenai,39.18,1.0,US,11/09/2019,52.0,-151.26,60.55,41.0,3.36
551,Sangar,-4.11,100.0,RU,11/09/2019,78.0,127.47,63.92,-4.11,10.07
552,Carutapera,81.95,100.0,BR,11/09/2019,78.0,-46.02,-1.2,81.95,13.56
553,Lumphat,67.89,99.0,KH,11/09/2019,88.0,106.97,13.5,67.89,0.76
554,Tucurui,79.47,99.0,BR,11/09/2019,83.0,-49.67,-3.77,79.47,3.22
555,Igarka,-14.63,98.0,RU,11/09/2019,96.0,86.57,67.47,-14.63,10.63
556,Termoli,50.52,100.0,IT,11/09/2019,81.0,14.99,42.0,51.01,1.01
557,Yar-Sale,-8.31,0.0,RU,11/09/2019,98.0,70.83,66.83,-8.31,5.88
558,Meadow Lake,10.4,40.0,CA,11/09/2019,66.0,-108.44,54.13,10.4,8.05
559,Dryden,23.0,90.0,CA,11/09/2019,85.0,-92.84,49.79,23.0,4.7
560,Ixcatepec,63.64,100.0,MX,11/09/2019,88.0,-98.0,21.24,63.64,4.09
561,Berlevag,31.55,100.0,NO,11/09/2019,73.0,29.09,70.86,31.55,8.21
562,Kachug,15.17,96.0,RU,11/09/2019,76.0,105.89,53.96,15.17,8.77
563,Vermillion,52.38,1.0,US,11/09/2019,65.0,-96.93,42.78,55.99,4.18
564,Sena Madureira,76.39,100.0,BR,11/09/2019,87.0,-68.66,-9.07,76.39,2.93
565,Catanzaro,57.27,40.0,IT,11/09/2019,77.0,16.6,38.91,59.0,9.17
566,Pudozh,34.32,100.0,RU,11/09/2019,99.0,36.54,61.81,34.32,4.72
567,Japura,76.78,56.0,ID,11/09/2019,93.0,102.29,-0.42,76.78,0.89
568,Vila Velha,82.24,80.0,BR,11/09/2019,74.0,-38.6,-3.71,86.0,10.29
569,Surt,66.99,42.0,LY,11/09/2019,66.0,16.59,31.21,66.99,15.93
570,Seoul,37.94,75.0,KR,11/09/2019,81.0,126.98,37.57,44.6,5.82
